"business_area_name","region_name","barr_date","revenue"
"Consolidated","Global","2013-01-01",15831000
"Consolidated","Global","2013-02-01",20037000
"Consolidated","Global","2013-03-01",20887000
"Consolidated","Global","2013-04-01",18493000
"Consolidated","Global","2013-05-01",17328000
"Consolidated","Global","2013-06-01",16442000
"Consolidated","Global","2013-07-01",18871000
"Consolidated","Global","2013-08-01",15763000
"Consolidated","Global","2013-09-01",15845000
"Consolidated","Global","2013-10-01",14464000
"Consolidated","Global","2013-11-01",12819000
"Consolidated","Global","2013-12-01",15143000
"Consolidated","Global","2014-01-01",13927000
"Consolidated","Global","2014-02-01",11782500
"Consolidated","Global","2014-03-01",12969500
"Consolidated","Global","2014-04-01",10532000
"Consolidated","Global","2014-05-01",17991000
"Consolidated","Global","2014-06-01",21255000
"Consolidated","Global","2014-07-01",11613000
"Consolidated","Global","2014-08-01",12142000
"Consolidated","Global","2014-09-01",17229000
"Consolidated","Global","2014-10-01",18740000
"Consolidated","Global","2014-11-01",16161000
"Consolidated","Global","2014-12-01",19538000
"Consolidated","Global","2015-01-01",11293184.4
"Consolidated","Global","2015-02-01",13122293.63
"Consolidated","Global","2015-03-01",18607213.43
"Consolidated","Global","2015-04-01",15152000
"Consolidated","Global","2015-05-01",13207000
"Consolidated","Global","2015-06-01",20061330.41
"Consolidated","Global","2015-07-01",14366000
"Consolidated","Global","2015-08-01",15745624
"Consolidated","Global","2015-09-01",15531000
"Consolidated","Global","2015-10-01",16251905.31
"Consolidated","Global","2015-11-01",19176000
"Consolidated","Global","2015-12-01",18157800
"Consolidated","Global","2016-01-01",11879570.67
"Consolidated","Global","2016-02-01",11856379.05
"Consolidated","Global","2016-03-01",19907492.47
"Consolidated","Global","2016-04-01",15845799.62
"Consolidated","Global","2016-05-01",16222562.31
"Consolidated","Global","2016-06-01",14723024.22
"Consolidated","Global","2016-07-01",14671568.5
"Consolidated","Global","2016-08-01",19047219.52
"Consolidated","Global","2016-09-01",16295035.54
"Consolidated","Global","2016-10-01",16219040
"Consolidated","Global","2016-11-01",17273978.46
"Consolidated","Global","2016-12-01",26947945.35
"A00 - Equipment","China","2017-01-01",373875.4675
"X00 - Other","EMEA","2017-01-01",15160.29
"A00 - Equipment","India","2017-01-01",1252216.0694
"F00 - GCCT","EMEA","2017-01-01",1306566.9427999998
"B00 - LTC","North America","2017-01-01",567793.73
"F00 - GCCT","Latin America","2017-01-01",383697.80120000005
"A00 - Equipment","EMEA","2017-01-01",-39904.71
"B00 - LTC","Eurasia","2017-01-01",1761772.4766999998
"Consolidated","Global","2017-01-01",17325135.7
"F00 - GCCT","Eurasia","2017-01-01",26827.236599999997
"B00 - LTC","Latin America","2017-01-01",1069308.4158
"F00 - GCCT","APAC","2017-01-01",1573939.2093999998
"B00 - LTC","APAC","2017-01-01",1246172.0618000003
"F00 - GCCT","China","2017-01-01",427.5373
"F00 - GCCT","India","2017-01-01",434595.5788
"A00 - Equipment","Latin America","2017-01-01",2117474.8499999996
"B00 - LTC","EMEA","2017-01-01",1036118.8953999999
"A00 - Equipment","APAC","2017-01-01",598637.23
"F00 - GCCT","North America","2017-01-01",607278.59
"B00 - LTC","India","2017-01-01",616272.6974
"A00 - Equipment","Eurasia","2017-01-01",1881584
"A00 - Equipment","North America","2017-01-01",-3054.0
"B00 - LTC","China","2017-01-01",458944
"A00 - Equipment","APAC","2017-02-01",851754.84
"F00 - GCCT","Eurasia","2017-02-01",21133.2908
"B00 - LTC","EMEA","2017-02-01",1357113.3253999997
"F00 - GCCT","EMEA","2017-02-01",1528843.5625
"X00 - Other","North America","2017-02-01",-300.0
"B00 - LTC","Eurasia","2017-02-01",1483419.6552
"B00 - LTC","India","2017-02-01",609394.7981
"X00 - Other","EMEA","2017-02-01",634.64
"F00 - GCCT","Latin America","2017-02-01",391486.9124
"B00 - LTC","North America","2017-02-01",881297.6499999999
"F00 - GCCT","APAC","2017-02-01",1670235.2121
"B00 - LTC","China","2017-02-01",184693.51629999996
"B00 - LTC","Latin America","2017-02-01",1288721.6193000001
"A00 - Equipment","Latin America","2017-02-01",1015939.4400000001
"B00 - LTC","APAC","2017-02-01",1730319.3598999998
"Consolidated","Global","2017-02-01",15392379.62
"F00 - GCCT","India","2017-02-01",278383.1018
"A00 - Equipment","EMEA","2017-02-01",22296.180000000004
"A00 - Equipment","Eurasia","2017-02-01",1259814
"A00 - Equipment","North America","2017-02-01",358021.55
"A00 - Equipment","China","2017-02-01",3034.85560000002
"X00 - Other","APAC","2017-02-01",132
"F00 - GCCT","North America","2017-02-01",517482.14
"A00 - Equipment","North America","2017-03-01",339258.16
"B00 - LTC","North America","2017-03-01",1059117.95
"F00 - GCCT","India","2017-03-01",448603.6582
"F00 - GCCT","North America","2017-03-01",540672.79
"X00 - Other","APAC","2017-03-01",-36.0
"F00 - GCCT","EMEA","2017-03-01",1424717.0140000002
"A00 - Equipment","Latin America","2017-03-01",2124247.59
"B00 - LTC","APAC","2017-03-01",1992810.5817000004
"X00 - Other","EMEA","2017-03-01",13612.689999999999
"A00 - Equipment","India","2017-03-01",3008748.2313
"A00 - Equipment","China","2017-03-01",551794.05
"F00 - GCCT","APAC","2017-03-01",1978194.4668999999
"B00 - LTC","China","2017-03-01",139126.9407
"B00 - LTC","Latin America","2017-03-01",1510412.3776
"F00 - GCCT","Eurasia","2017-03-01",43664.912299999996
"Consolidated","Global","2017-03-01",26948477.83
"B00 - LTC","India","2017-03-01",530039.3504
"X00 - Other","North America","2017-03-01",31
"A00 - Equipment","Eurasia","2017-03-01",2453262
"B00 - LTC","EMEA","2017-03-01",1426584.8882999998
"A00 - Equipment","APAC","2017-03-01",3770869.6
"B00 - LTC","Eurasia","2017-03-01",1452496.5892000003
"A00 - Equipment","EMEA","2017-03-01",1818318.3783
"F00 - GCCT","Latin America","2017-03-01",376466.88039999997
"A00 - Equipment","North America","2017-04-01",822427.9099999999
"A00 - Equipment","EMEA","2017-04-01",967461.2799999999
"F00 - GCCT","APAC","2017-04-01",1841356.775
"B00 - LTC","Eurasia","2017-04-01",2207482.7575000003
"A00 - Equipment","Eurasia","2017-04-01",2645298.9243
"A00 - Equipment","China","2017-04-01",34178.09999999997
"A00 - Equipment","India","2017-04-01",489400
"A00 - Equipment","APAC","2017-04-01",469003.36
"X00 - Other","North America","2017-04-01",83
"B00 - LTC","Latin America","2017-04-01",1534186.7858999998
"F00 - GCCT","North America","2017-04-01",596165.8400000001
"F00 - GCCT","EMEA","2017-04-01",956845.8405000002
"F00 - GCCT","India","2017-04-01",287313.3582
"B00 - LTC","North America","2017-04-01",681554.66
"F00 - GCCT","Eurasia","2017-04-01",9940.0405
"Consolidated","Global","2017-04-01",18511194.06
"F00 - GCCT","Latin America","2017-04-01",422881.84640000004
"B00 - LTC","India","2017-04-01",519744.32879999996
"B00 - LTC","APAC","2017-04-01",1421699.1305999998
"B00 - LTC","EMEA","2017-04-01",1662861.9576
"B00 - LTC","China","2017-04-01",131615.22189999997
"X00 - Other","APAC","2017-04-01",-55.0
"X00 - Other","EMEA","2017-04-01",12545.060000000003
"A00 - Equipment","Latin America","2017-04-01",807028.31
"X00 - Other","EMEA","2017-05-01",4768.18
"Consolidated","Global","2017-05-01",17845453.62
"X00 - Other","APAC","2017-05-01",-160.0
"A00 - Equipment","North America","2017-05-01",152130.88
"B00 - LTC","India","2017-05-01",751616.7886
"B00 - LTC","China","2017-05-01",76813.4145
"B00 - LTC","EMEA","2017-05-01",1272770.4520000005
"B00 - LTC","Eurasia","2017-05-01",1952371.6317999999
"A00 - Equipment","APAC","2017-05-01",533723
"F00 - GCCT","APAC","2017-05-01",1749495.0278000003
"F00 - GCCT","India","2017-05-01",384335.6631
"A00 - Equipment","China","2017-05-01",2912.7381000000005
"A00 - Equipment","Latin America","2017-05-01",941404.89
"A00 - Equipment","Eurasia","2017-05-01",1301709.8065
"F00 - GCCT","North America","2017-05-01",692760.2
"B00 - LTC","Latin America","2017-05-01",1491049.3749999998
"A00 - Equipment","EMEA","2017-05-01",2210286.852
"B00 - LTC","North America","2017-05-01",678393.7400000001
"B00 - LTC","APAC","2017-05-01",1735499.0230000003
"F00 - GCCT","Latin America","2017-05-01",434543.4978
"F00 - GCCT","Eurasia","2017-05-01",42320.3973
"X00 - Other","North America","2017-05-01",-340.0
"F00 - GCCT","EMEA","2017-05-01",1366084.1677
"X00 - Other","North America","2017-06-01",-303.0
"F00 - GCCT","North America","2017-06-01",643203.63
"Consolidated","Global","2017-06-01",23802475.4
"B00 - LTC","India","2017-06-01",823779.7448999999
"B00 - LTC","North America","2017-06-01",550169.8400000001
"F00 - GCCT","Latin America","2017-06-01",670157.5205
"A00 - Equipment","EMEA","2017-06-01",2570959.5738
"A00 - Equipment","North America","2017-06-01",1586523.42
"A00 - Equipment","China","2017-06-01",288717.9344
"B00 - LTC","China","2017-06-01",95446.4954
"B00 - LTC","APAC","2017-06-01",1596922.1029000003
"B00 - LTC","Eurasia","2017-06-01",1504409.9651
"B00 - LTC","EMEA","2017-06-01",1475794.6730999998
"X00 - Other","EMEA","2017-06-01",1287.41
"F00 - GCCT","India","2017-06-01",363674.8954
"A00 - Equipment","Latin America","2017-06-01",2990660.14
"F00 - GCCT","EMEA","2017-06-01",1317491.3672
"A00 - Equipment","Eurasia","2017-06-01",3078221.189
"F00 - GCCT","APAC","2017-06-01",1894070.2093
"A00 - Equipment","APAC","2017-06-01",1760858.8561000002
"F00 - GCCT","Eurasia","2017-06-01",25263.445200000002
"B00 - LTC","Latin America","2017-06-01",574194.0589
"F00 - GCCT","Eurasia","2017-07-01",27280.515699999996
"A00 - Equipment","North America","2017-07-01",366789.2
"B00 - LTC","Eurasia","2017-07-01",1461971.2817
"A00 - Equipment","EMEA","2017-07-01",150234.4519
"B00 - LTC","India","2017-07-01",590102.1599
"B00 - LTC","APAC","2017-07-01",1243627.2695
"A00 - Equipment","India","2017-07-01",1459550
"B00 - LTC","Latin America","2017-07-01",917266.5829
"Consolidated","Global","2017-07-01",16676414.34
"F00 - GCCT","India","2017-07-01",408790.8441
"B00 - LTC","China","2017-07-01",162655.082
"F00 - GCCT","APAC","2017-07-01",1894252.3429000003
"A00 - Equipment","China","2017-07-01",-6564.859999999997
"F00 - GCCT","Latin America","2017-07-01",729957.666
"B00 - LTC","North America","2017-07-01",643611.49
"A00 - Equipment","APAC","2017-07-01",1442972.9847
"X00 - Other","APAC","2017-07-01",-111.87
"X00 - Other","EMEA","2017-07-01",2846.15
"B00 - LTC","EMEA","2017-07-01",1380161.5588
"F00 - GCCT","EMEA","2017-07-01",722972.4596
"X00 - Other","North America","2017-07-01",-1146.0
"A00 - Equipment","Latin America","2017-07-01",588623.4100000001
"A00 - Equipment","Eurasia","2017-07-01",916213.0512
"F00 - GCCT","North America","2017-07-01",1219088.7
"F00 - GCCT","Latin America","2017-08-01",729285.0961
"A00 - Equipment","Latin America","2017-08-01",1335592.9726
"F00 - GCCT","APAC","2017-08-01",1686209.3434000001
"A00 - Equipment","North America","2017-08-01",507789.04
"X00 - Other","APAC","2017-08-01",-1277.0
"B00 - LTC","EMEA","2017-08-01",1560190.6414
"A00 - Equipment","Eurasia","2017-08-01",773245.6393
"F00 - GCCT","Eurasia","2017-08-01",29993.072399999997
"F00 - GCCT","EMEA","2017-08-01",1350170.2903999998
"A00 - Equipment","EMEA","2017-08-01",1368173.22
"B00 - LTC","India","2017-08-01",790129.2061
"A00 - Equipment","China","2017-08-01",18683.35
"B00 - LTC","APAC","2017-08-01",2013109.8942999998
"A00 - Equipment","India","2017-08-01",2140161
"X00 - Other","North America","2017-08-01",-1946.0
"B00 - LTC","Eurasia","2017-08-01",1491937.2199000001
"F00 - GCCT","North America","2017-08-01",736151.19
"B00 - LTC","North America","2017-08-01",1116179.3599999999
"Consolidated","Global","2017-08-01",20777645.14
"F00 - GCCT","India","2017-08-01",472566.9528
"A00 - Equipment","APAC","2017-08-01",1362771.28
"B00 - LTC","Latin America","2017-08-01",1063506.2750000001
"X00 - Other","EMEA","2017-08-01",11418.74
"B00 - LTC","China","2017-08-01",248416.0768
"F00 - GCCT","India","2017-09-01",463291.70979999995
"B00 - LTC","India","2017-09-01",860717.5479
"B00 - LTC","Latin America","2017-09-01",1139940.3559
"A00 - Equipment","North America","2017-09-01",998023.2
"F00 - GCCT","APAC","2017-09-01",1835099.3065
"B00 - LTC","Eurasia","2017-09-01",1605357.5218
"F00 - GCCT","North America","2017-09-01",652391.9
"B00 - LTC","North America","2017-09-01",903794.13
"A00 - Equipment","Eurasia","2017-09-01",356370
"B00 - LTC","EMEA","2017-09-01",1062179.8535000004
"A00 - Equipment","APAC","2017-09-01",1635376.92
"F00 - GCCT","EMEA","2017-09-01",1329515.1262
"F00 - GCCT","Latin America","2017-09-01",668938.0387
"A00 - Equipment","EMEA","2017-09-01",3062760.9869
"B00 - LTC","APAC","2017-09-01",1830167.6073999996
"Consolidated","Global","2017-09-01",22639387.78
"B00 - LTC","China","2017-09-01",163916.0801
"X00 - Other","APAC","2017-09-01",-226.24
"A00 - Equipment","Latin America","2017-09-01",1417064.6529
"A00 - Equipment","China","2017-09-01",-519.7799999999988
"F00 - GCCT","Eurasia","2017-09-01",65133.0634
"X00 - Other","EMEA","2017-09-01",5571.67
"A00 - Equipment","India","2017-09-01",2588701
"B00 - LTC","India","2017-10-01",942722.1031000001
"F00 - GCCT","APAC","2017-10-01",1783203.0922999997
"B00 - LTC","Latin America","2017-10-01",1444037.8261999998
"B00 - LTC","APAC","2017-10-01",1641984.7984000002
"X00 - Other","EMEA","2017-10-01",14703.339999999998
"A00 - Equipment","India","2017-10-01",4721966
"A00 - Equipment","Eurasia","2017-10-01",1490478.4755
"F00 - GCCT","Eurasia","2017-10-01",207122.834
"B00 - LTC","EMEA","2017-10-01",1483298.8577
"F00 - GCCT","Latin America","2017-10-01",682573.2055
"B00 - LTC","Eurasia","2017-10-01",1698178.0408
"F00 - GCCT","EMEA","2017-10-01",1268165.1238
"B00 - LTC","China","2017-10-01",222549.2113
"A00 - Equipment","APAC","2017-10-01",291048.68999999994
"A00 - Equipment","Latin America","2017-10-01",986799.9400000002
"A00 - Equipment","China","2017-10-01",-1284.970000000002
"Consolidated","Global","2017-10-01",21023866.53
"F00 - GCCT","India","2017-10-01",372819.14540000004
"B00 - LTC","North America","2017-10-01",753237.5
"A00 - Equipment","EMEA","2017-10-01",-139716.66679999995
"X00 - Other","North America","2017-10-01",798.8699999999999
"X00 - Other","APAC","2017-10-01",-9.5
"A00 - Equipment","North America","2017-10-01",-67973.40000000002
"F00 - GCCT","North America","2017-10-01",889689.7
"B00 - LTC","EMEA","2017-11-01",1303276.2841
"F00 - GCCT","EMEA","2017-11-01",1367302.4085
"B00 - LTC","Eurasia","2017-11-01",2118210.3689
"X00 - Other","North America","2017-11-01",-312.44
"A00 - Equipment","India","2017-11-01",2485377.91
"A00 - Equipment","APAC","2017-11-01",3208779
"B00 - LTC","Latin America","2017-11-01",1315948.1193
"A00 - Equipment","Eurasia","2017-11-01",1419868.1282
"A00 - Equipment","Latin America","2017-11-01",933909.1544000001
"A00 - Equipment","North America","2017-11-01",795785.18
"B00 - LTC","China","2017-11-01",169213.5074
"Consolidated","Global","2017-11-01",25132092.2
"F00 - GCCT","North America","2017-11-01",630981.3200000001
"F00 - GCCT","Eurasia","2017-11-01",104227.91649999999
"F00 - GCCT","India","2017-11-01",436224.5837
"F00 - GCCT","APAC","2017-11-01",1953415.4649
"A00 - Equipment","EMEA","2017-11-01",2536140.41
"X00 - Other","APAC","2017-11-01",-9379.56
"B00 - LTC","India","2017-11-01",722053.8425
"X00 - Other","EMEA","2017-11-01",15103.75
"B00 - LTC","North America","2017-11-01",683958.58
"A00 - Equipment","China","2017-11-01",531302.8182
"B00 - LTC","APAC","2017-11-01",1741112.6427999998
"F00 - GCCT","Latin America","2017-11-01",777590.6442
"F00 - GCCT","EMEA","2017-12-01",1160037.3853
"A00 - Equipment","Latin America","2017-12-01",1708695.9517
"F00 - GCCT","Eurasia","2017-12-01",78904.3108
"F00 - GCCT","Latin America","2017-12-01",636034.5756000001
"F00 - GCCT","North America","2017-12-01",573347.7
"B00 - LTC","India","2017-12-01",196139.8363
"A00 - Equipment","Eurasia","2017-12-01",5783461.6947
"B00 - LTC","APAC","2017-12-01",2166602.8491
"A00 - Equipment","APAC","2017-12-01",2960161.75
"B00 - LTC","China","2017-12-01",171061.8626
"F00 - GCCT","India","2017-12-01",373181.8691
"A00 - Equipment","India","2017-12-01",4441429.73
"F00 - GCCT","APAC","2017-12-01",1735626.7876
"B00 - LTC","Eurasia","2017-12-01",2367750.4124
"B00 - LTC","Latin America","2017-12-01",1056557.9891
"A00 - Equipment","EMEA","2017-12-01",850479.05
"B00 - LTC","North America","2017-12-01",1285890.7999999998
"X00 - Other","EMEA","2017-12-01",7835.97
"B00 - LTC","EMEA","2017-12-01",1099156.3841
"A00 - Equipment","China","2017-12-01",1236208.5108999999
"A00 - Equipment","North America","2017-12-01",731398.0700000001
"Consolidated","Global","2017-12-01",30673794.83
"A00 - Equipment","Eurasia","2018-01-01",1146218.2264
"A00 - Equipment","Latin America","2018-01-01",699303.1779
"B00 - LTC","Eurasia","2018-01-01",2184533.8919
"F00 - GCCT","India","2018-01-01",238942.5951
"X00 - Other","North America","2018-01-01",-2.76
"A00 - Equipment","India","2018-01-01",393370
"X00 - Other","EMEA","2018-01-01",17820.539999999997
"B00 - LTC","EMEA","2018-01-01",1245893.4645
"B00 - LTC","India","2018-01-01",683838.902
"B00 - LTC","China","2018-01-01",254677.81470000002
"B00 - LTC","North America","2018-01-01",660106.34
"Consolidated","Global","2018-01-01",19634329.57
"F00 - GCCT","North America","2018-01-01",477895.85
"F00 - GCCT","China","2018-01-01",32710.650800000003
"A00 - Equipment","China","2018-01-01",1144394.11
"B00 - LTC","APAC","2018-01-01",2063978.5722999999
"B00 - LTC","Latin America","2018-01-01",1077007.6147
"A00 - Equipment","North America","2018-01-01",817481.6200000001
"F00 - GCCT","Eurasia","2018-01-01",43442.183000000005
"A00 - Equipment","APAC","2018-01-01",1123828.84
"F00 - GCCT","EMEA","2018-01-01",1298272.2356999998
"F00 - GCCT","Latin America","2018-01-01",601439.1836000001
"X00 - Other","APAC","2018-01-01",5679.93
"F00 - GCCT","APAC","2018-01-01",1841386.1124999998
"A00 - Equipment","EMEA","2018-01-01",1569392.1060000001
"A00 - Equipment","APAC","2018-02-01",3279113.04
"B00 - LTC","EMEA","2018-02-01",1027363.9501
"A00 - Equipment","North America","2018-02-01",33173.15
"B00 - LTC","India","2018-02-01",877386.986
"A00 - Equipment","EMEA","2018-02-01",2531436.6168
"B00 - LTC","Eurasia","2018-02-01",1796477.8634000001
"F00 - GCCT","APAC","2018-02-01",1290828.2224
"F00 - GCCT","Latin America","2018-02-01",540649.5298
"A00 - Equipment","Eurasia","2018-02-01",1585880.13
"A00 - Equipment","Latin America","2018-02-01",2822492.94
"X00 - Other","EMEA","2018-02-01",2526.42
"Consolidated","Global","2018-02-01",23028363.26
"B00 - LTC","North America","2018-02-01",780166.98
"B00 - LTC","China","2018-02-01",95386.4584
"B00 - LTC","Latin America","2018-02-01",1039724.7864999999
"F00 - GCCT","EMEA","2018-02-01",1269951.1372
"B00 - LTC","APAC","2018-02-01",2485710.9177
"X00 - Other","North America","2018-02-01",1.42
"F00 - GCCT","Eurasia","2018-02-01",45463.37330000001
"F00 - GCCT","India","2018-02-01",252805.2276
"F00 - GCCT","North America","2018-02-01",511185.4
"A00 - Equipment","China","2018-02-01",725312.1600000003
"F00 - GCCT","APAC","2018-03-01",1555576.2477999998
"B00 - LTC","Latin America","2018-03-01",1146502.7908
"B00 - LTC","Eurasia","2018-03-01",2481244.4208
"B00 - LTC","North America","2018-03-01",840475.3999999999
"F00 - GCCT","China","2018-03-01",24664.3565
"X00 - Other","EMEA","2018-03-01",28084.52
"A00 - Equipment","North America","2018-03-01",514463.18
"X00 - Other","APAC","2018-03-01",-12798.060000000001
"A00 - Equipment","Latin America","2018-03-01",1237220.8800000001
"B00 - LTC","China","2018-03-01",215773.6027
"F00 - GCCT","India","2018-03-01",352858.6627
"F00 - GCCT","EMEA","2018-03-01",1058837.0869
"Consolidated","Global","2018-03-01",23447021.48
"F00 - GCCT","North America","2018-03-01",565885.01
"F00 - GCCT","Eurasia","2018-03-01",95193.881
"B00 - LTC","EMEA","2018-03-01",1378712.4524
"A00 - Equipment","APAC","2018-03-01",2826077.95
"F00 - GCCT","Latin America","2018-03-01",750375.5322
"B00 - LTC","India","2018-03-01",1029214.9108
"A00 - Equipment","EMEA","2018-03-01",1348620.1999999997
"A00 - Equipment","China","2018-03-01",443805.95999999996
"X00 - Other","North America","2018-03-01",-9.59
"A00 - Equipment","India","2018-03-01",195814.373
"B00 - LTC","APAC","2018-03-01",2510168.8472999996
"A00 - Equipment","Eurasia","2018-03-01",2829610.8404
"F00 - GCCT","Eurasia","2018-04-01",101405.9367
"X00 - Other","North America","2018-04-01",1.44
"Consolidated","Global","2018-04-01",22271820.86
"A00 - Equipment","Latin America","2018-04-01",1584912.1972000003
"X00 - Other","China","2018-04-01",827.1
"A00 - Equipment","North America","2018-04-01",715368.0700000001
"A00 - Equipment","Eurasia","2018-04-01",3892886.8976
"F00 - GCCT","India","2018-04-01",471527.5722
"A00 - Equipment","APAC","2018-04-01",1042583.12
"B00 - LTC","APAC","2018-04-01",2127585.894
"A00 - Equipment","EMEA","2018-04-01",99585.53
"B00 - LTC","Eurasia","2018-04-01",2137180.7378000002
"X00 - Other","EMEA","2018-04-01",5794.84
"B00 - LTC","North America","2018-04-01",724498.06
"B00 - LTC","India","2018-04-01",1475957.8846999998
"B00 - LTC","EMEA","2018-04-01",1312901.6445999998
"A00 - Equipment","China","2018-04-01",755480.4438
"B00 - LTC","China","2018-04-01",199763.2203
"F00 - GCCT","APAC","2018-04-01",1931637.1897000005
"F00 - GCCT","North America","2018-04-01",463407.9907
"F00 - GCCT","EMEA","2018-04-01",1051881.2789
"F00 - GCCT","Latin America","2018-04-01",756772.8761999999
"B00 - LTC","Latin America","2018-04-01",1345250.9730999998
"A00 - Equipment","China","2018-05-01",679892.9100000001
"A00 - Equipment","EMEA","2018-05-01",1650453.38
"F00 - GCCT","India","2018-05-01",463287.4331
"Consolidated","Global","2018-05-01",27167002.86
"F00 - GCCT","Latin America","2018-05-01",882772.7936
"X00 - Other","APAC","2018-05-01",-282.83
"A00 - Equipment","APAC","2018-05-01",2151619.61
"B00 - LTC","Latin America","2018-05-01",1272374.0907000003
"X00 - Other","North America","2018-05-01",946.6200000000001
"B00 - LTC","China","2018-05-01",160500.3108
"B00 - LTC","APAC","2018-05-01",2541985.2773999996
"A00 - Equipment","India","2018-05-01",840000
"B00 - LTC","North America","2018-05-01",1059969.75
"A00 - Equipment","Eurasia","2018-05-01",4461812.517
"B00 - LTC","EMEA","2018-05-01",1540294.1379
"F00 - GCCT","EMEA","2018-05-01",1474907.9998000003
"A00 - Equipment","North America","2018-05-01",163482.33000000002
"X00 - Other","EMEA","2018-05-01",10994.4
"B00 - LTC","Eurasia","2018-05-01",1886137.0014
"F00 - GCCT","APAC","2018-05-01",1588363.9893
"B00 - LTC","India","2018-05-01",1243125.9447
"A00 - Equipment","Latin America","2018-05-01",2389798.0542
"F00 - GCCT","North America","2018-05-01",521718.19999999995
"F00 - GCCT","Eurasia","2018-05-01",85672.32759999999
"A00 - Equipment","APAC","2018-06-01",3683678.6700000004
"B00 - LTC","North America","2018-06-01",777295.3
"A00 - Equipment","North America","2018-06-01",-119880.51999999999
"X00 - Other","North America","2018-06-01",104.28
"B00 - LTC","EMEA","2018-06-01",1749576.9315
"F00 - GCCT","North America","2018-06-01",480208.75
"F00 - GCCT","India","2018-06-01",521928.62320000003
"A00 - Equipment","China","2018-06-01",638432.0799999998
"B00 - LTC","APAC","2018-06-01",2584979.4535
"F00 - GCCT","APAC","2018-06-01",1270555.675
"X00 - Other","EMEA","2018-06-01",4656.950000000001
"A00 - Equipment","Eurasia","2018-06-01",3577228.3945
"B00 - LTC","Latin America","2018-06-01",1324877.5482
"Consolidated","Global","2018-06-01",29812954.62
"A00 - Equipment","Latin America","2018-06-01",2372151.61
"B00 - LTC","India","2018-06-01",1018720.4158999999
"B00 - LTC","Eurasia","2018-06-01",2348793.7375
"A00 - Equipment","EMEA","2018-06-01",2969400.2550999997
"F00 - GCCT","Eurasia","2018-06-01",27593.598
"A00 - Equipment","India","2018-06-01",2417100
"F00 - GCCT","Latin America","2018-06-01",773784.0083000001
"B00 - LTC","China","2018-06-01",155162.4585
"F00 - GCCT","EMEA","2018-06-01",1282942.4549000002
"A00 - Equipment","China","2018-07-01",-1590.07
"B00 - LTC","North America","2018-07-01",882718.23
"X00 - Other","EMEA","2018-07-01",3248.6800000000003
"F00 - GCCT","Eurasia","2018-07-01",70956.3606
"X00 - Other","APAC","2018-07-01",-16.77
"F00 - GCCT","Latin America","2018-07-01",830575.2908
"B00 - LTC","Latin America","2018-07-01",1032539.3957
"B00 - LTC","Eurasia","2018-07-01",1721778.8259
"A00 - Equipment","Latin America","2018-07-01",1829859.09
"A00 - Equipment","North America","2018-07-01",929000.7700000001
"A00 - Equipment","EMEA","2018-07-01",1732655.7199999997
"F00 - GCCT","APAC","2018-07-01",2232788.2578
"B00 - LTC","India","2018-07-01",1417654.1514
"B00 - LTC","APAC","2018-07-01",5421509.567000001
"F00 - GCCT","EMEA","2018-07-01",1045630.3588
"F00 - GCCT","India","2018-07-01",462984.9687
"B00 - LTC","China","2018-07-01",147498.5974
"X00 - Other","North America","2018-07-01",-123.74
"B00 - LTC","EMEA","2018-07-01",1065892.2822999998
"A00 - Equipment","Eurasia","2018-07-01",1692902.4170000001
"A00 - Equipment","India","2018-07-01",706988.9534
"A00 - Equipment","APAC","2018-07-01",4138487.7600000002
"F00 - GCCT","North America","2018-07-01",278545.96
"F00 - GCCT","China","2018-07-01",11355.986
"Consolidated","Global","2018-07-01",27623912.06
"B00 - LTC","APAC","2018-08-01",2526324.2357999994
"B00 - LTC","EMEA","2018-08-01",1149516.7256
"F00 - GCCT","India","2018-08-01",411375.7743
"A00 - Equipment","China","2018-08-01",132696.36000000002
"F00 - GCCT","Latin America","2018-08-01",749897.3515999999
"X00 - Other","APAC","2018-08-01",430.62
"B00 - LTC","Latin America","2018-08-01",1365532.1970000002
"B00 - LTC","India","2018-08-01",1645707.6457
"B00 - LTC","Eurasia","2018-08-01",1538010.3453000002
"F00 - GCCT","EMEA","2018-08-01",1045110.8352999999
"B00 - LTC","North America","2018-08-01",1073679.4100000001
"F00 - GCCT","APAC","2018-08-01",1769741.7900999999
"F00 - GCCT","Eurasia","2018-08-01",26844.410300000003
"B00 - LTC","China","2018-08-01",217577.84100000001
"X00 - Other","EMEA","2018-08-01",15832.93
"A00 - Equipment","APAC","2018-08-01",1422682.08
"F00 - GCCT","North America","2018-08-01",453860.68000000005
"A00 - Equipment","Eurasia","2018-08-01",3671891.9
"A00 - Equipment","EMEA","2018-08-01",340505.23
"Consolidated","Global","2018-08-01",22958688.08
"A00 - Equipment","North America","2018-08-01",1427281.41
"X00 - Other","North America","2018-08-01",100.05
"A00 - Equipment","Latin America","2018-08-01",1871544.9692
"B00 - LTC","China","2018-09-01",167905.3659
"A00 - Equipment","North America","2018-09-01",911051.52
"F00 - GCCT","EMEA","2018-09-01",955871.4255
"A00 - Equipment","China","2018-09-01",75456.75000000001
"B00 - LTC","India","2018-09-01",1077219.018
"B00 - LTC","APAC","2018-09-01",2961103.8183
"X00 - Other","EMEA","2018-09-01",721.44
"B00 - LTC","North America","2018-09-01",616123.76
"B00 - LTC","Latin America","2018-09-01",895391.3012
"F00 - GCCT","Eurasia","2018-09-01",28500.438000000002
"F00 - GCCT","APAC","2018-09-01",1743264.0262999998
"A00 - Equipment","Latin America","2018-09-01",2375509.2029999997
"X00 - Other","North America","2018-09-01",-99.01
"B00 - LTC","EMEA","2018-09-01",1006027.2707000002
"A00 - Equipment","EMEA","2018-09-01",2783048.9927
"A00 - Equipment","Eurasia","2018-09-01",1192029.7995
"F00 - GCCT","North America","2018-09-01",289790.14
"F00 - GCCT","India","2018-09-01",467763.86449999997
"X00 - Other","APAC","2018-09-01",46.7
"F00 - GCCT","Latin America","2018-09-01",699122.5215
"A00 - Equipment","APAC","2018-09-01",4307395.89
"Consolidated","Global","2018-09-01",24379288.22
"B00 - LTC","Eurasia","2018-09-01",1757095.8069999998
"F00 - GCCT","North America","2018-10-01",412492.04000000004
"F00 - GCCT","APAC","2018-10-01",1427053.2981
"F00 - GCCT","Eurasia","2018-10-01",120722.31319999999
"F00 - GCCT","China","2018-10-01",90343.2455
"A00 - Equipment","China","2018-10-01",646964.3209
"A00 - Equipment","India","2018-10-01",5983.245700000004
"X00 - Other","APAC","2018-10-01",-1459.88
"B00 - LTC","APAC","2018-10-01",2762742.124699999
"B00 - LTC","Eurasia","2018-10-01",2119930.3085
"X00 - Other","North America","2018-10-01",-781.6899999999999
"B00 - LTC","EMEA","2018-10-01",1204334.7506000001
"B00 - LTC","North America","2018-10-01",831799.05
"X00 - Other","EMEA","2018-10-01",8458.1
"B00 - LTC","China","2018-10-01",198749.17510000002
"B00 - LTC","Latin America","2018-10-01",1627048.2556999999
"A00 - Equipment","Latin America","2018-10-01",2449110.4296
"F00 - GCCT","India","2018-10-01",547741.9518
"A00 - Equipment","APAC","2018-10-01",3096906.1599999997
"A00 - Equipment","Eurasia","2018-10-01",3195450.0453999997
"A00 - Equipment","North America","2018-10-01",-128870.86000000002
"F00 - GCCT","Latin America","2018-10-01",862866.1402
"F00 - GCCT","EMEA","2018-10-01",1512186.5725999998
"A00 - Equipment","EMEA","2018-10-01",3178948.35
"Consolidated","Global","2018-10-01",27930201.39
"B00 - LTC","India","2018-10-01",1723572.6308000002
"F00 - GCCT","China","2018-11-01",-857.3815
"X00 - Other","EMEA","2018-11-01",1554.6200000000001
"A00 - Equipment","EMEA","2018-11-01",7756686.2403
"A00 - Equipment","North America","2018-11-01",1533280.6600000001
"F00 - GCCT","EMEA","2018-11-01",1050081.8835000002
"B00 - LTC","APAC","2018-11-01",1857276.8899000003
"F00 - GCCT","India","2018-11-01",586954.6024
"B00 - LTC","Eurasia","2018-11-01",1546758.23
"B00 - LTC","EMEA","2018-11-01",1460797.3944
"X00 - Other","APAC","2018-11-01",18.87
"X00 - Other","North America","2018-11-01",161.01
"A00 - Equipment","Latin America","2018-11-01",1250491.0954
"B00 - LTC","North America","2018-11-01",715674.3400000001
"F00 - GCCT","Eurasia","2018-11-01",7571.8736
"A00 - Equipment","APAC","2018-11-01",1861766.01
"B00 - LTC","India","2018-11-01",1700555.4301
"F00 - GCCT","APAC","2018-11-01",1472366.385
"F00 - GCCT","Latin America","2018-11-01",890677.6995999999
"F00 - GCCT","North America","2018-11-01",308831.39
"Consolidated","Global","2018-11-01",30391926.38
"B00 - LTC","Latin America","2018-11-01",1340338.305
"A00 - Equipment","China","2018-11-01",1578110.4824
"A00 - Equipment","Eurasia","2018-11-01",3360497
"B00 - LTC","China","2018-11-01",148743.2657
"B00 - LTC","APAC","2018-12-01",2576882.1272999994
"X00 - Other","EMEA","2018-12-01",1945.9899999999998
"F00 - GCCT","APAC","2018-12-01",1622856.4545
"A00 - Equipment","India","2018-12-01",310025.5779
"B00 - LTC","China","2018-12-01",153306.1366
"A00 - Equipment","Latin America","2018-12-01",249019.6
"A00 - Equipment","North America","2018-12-01",4017627.72
"X00 - Other","North America","2018-12-01",-221.5
"B00 - LTC","India","2018-12-01",1458328.9076
"F00 - GCCT","China","2018-12-01",27273.8973
"A00 - Equipment","Eurasia","2018-12-01",7712045.9737
"A00 - Equipment","EMEA","2018-12-01",1508246.3941000002
"F00 - GCCT","Latin America","2018-12-01",675920.6152
"X00 - Other","APAC","2018-12-01",314.64000000000004
"F00 - GCCT","EMEA","2018-12-01",950652.6692
"B00 - LTC","EMEA","2018-12-01",1266080.2544000002
"B00 - LTC","Eurasia","2018-12-01",1921670.8799
"F00 - GCCT","India","2018-12-01",499945.0677
"B00 - LTC","North America","2018-12-01",744156.18
"X00 - Other","Latin America","2018-12-01",-541.57
"Consolidated","Global","2018-12-01",29986769.84
"B00 - LTC","Latin America","2018-12-01",1098074.7653
"A00 - Equipment","China","2018-12-01",1465582.5535000002
"F00 - GCCT","Eurasia","2018-12-01",26945.6262
"F00 - GCCT","North America","2018-12-01",243027.1
"A00 - Equipment","APAC","2018-12-01",1021795.9
"A00 - Equipment","Latin America","2019-01-01",2343418.6328
"F00 - GCCT","APAC","2019-01-01",1709538.5548999999
"F00 - GCCT","India","2019-01-01",773949
"B00 - LTC","Eurasia","2019-01-01",1373117.5607999999
"F00 - GCCT","North America","2019-01-01",254276.56999999998
"A00 - Equipment","North America","2019-01-01",-924.0299999999934
"B00 - LTC","China","2019-01-01",259754.47999999995
"X00 - Other","Latin America","2019-01-01",1490.0499999999997
"A00 - Equipment","India","2019-01-01",312294.4419
"A00 - Equipment","APAC","2019-01-01",1036830.8200000001
"F00 - GCCT","EMEA","2019-01-01",1078957.2411999998
"F00 - GCCT","Latin America","2019-01-01",963273.6750999999
"X00 - Other","APAC","2019-01-01",567.7099999999987
"F00 - GCCT","Eurasia","2019-01-01",49353
"X00 - Other","EMEA","2019-01-01",11373.769999999999
"B00 - LTC","India","2019-01-01",1583074.1120000002
"A00 - Equipment","China","2019-01-01",4809.599999999971
"A00 - Equipment","EMEA","2019-01-01",1218315
"A00 - Equipment","Eurasia","2019-01-01",10657171
"X00 - Other","North America","2019-01-01",20.03
"B00 - LTC","Latin America","2019-01-01",1351215.6384
"B00 - LTC","EMEA","2019-01-01",1141178.9577000004
"Consolidated","Global","2019-01-01",28955644.78
"B00 - LTC","North America","2019-01-01",543120.97
"B00 - LTC","APAC","2019-01-01",2227479.7361999997
"A00 - Equipment","North America","2019-02-01",779384.5099999999
"X00 - Other","Latin America","2019-02-01",-3258.5899999999997
"F00 - GCCT","Eurasia","2019-02-01",19879.6929
"X00 - Other","EMEA","2019-02-01",8261.460000000001
"X00 - Other","North America","2019-02-01",-204.89
"B00 - LTC","North America","2019-02-01",1068053.9
"F00 - GCCT","Latin America","2019-02-01",1224758.651
"X00 - Other","APAC","2019-02-01",1682.8300000000027
"Consolidated","Global","2019-02-01",21850923.31
"B00 - LTC","APAC","2019-02-01",2991236.3736
"B00 - LTC","Latin America","2019-02-01",1219649.3128
"A00 - Equipment","EMEA","2019-02-01",956060
"A00 - Equipment","APAC","2019-02-01",2566744.31
"A00 - Equipment","Eurasia","2019-02-01",2799693.3151999996
"B00 - LTC","India","2019-02-01",1364482.1858
"B00 - LTC","EMEA","2019-02-01",1153737.1108999997
"A00 - Equipment","China","2019-02-01",1531
"B00 - LTC","Eurasia","2019-02-01",1695262.5921
"F00 - GCCT","North America","2019-02-01",281922.4
"A00 - Equipment","India","2019-02-01",164.6824
"F00 - GCCT","APAC","2019-02-01",1632036.2645
"B00 - LTC","China","2019-02-01",142086.08
"A00 - Equipment","Latin America","2019-02-01",11421.72
"F00 - GCCT","EMEA","2019-02-01",1223930.1191
"F00 - GCCT","India","2019-02-01",652993
"F00 - GCCT","China","2019-02-01",-42.7449
"A00 - Equipment","North America","2019-03-01",687447.46
"A00 - Equipment","Eurasia","2019-03-01",5277755.2363
"A00 - Equipment","APAC","2019-03-01",3216645.16
"A00 - Equipment","Latin America","2019-03-01",784981
"B00 - LTC","China","2019-03-01",109465.26
"X00 - Other","North America","2019-03-01",-173.72
"Consolidated","Global","2019-03-01",25921467.82
"F00 - GCCT","Eurasia","2019-03-01",7031.7838
"F00 - GCCT","North America","2019-03-01",403959.94
"X00 - Other","EMEA","2019-03-01",5854.95
"B00 - LTC","Latin America","2019-03-01",1329974.0942000002
"F00 - GCCT","APAC","2019-03-01",1659548.6628
"A00 - Equipment","India","2019-03-01",279.4484
"F00 - GCCT","EMEA","2019-03-01",1350634.5097999999
"F00 - GCCT","India","2019-03-01",675619
"B00 - LTC","EMEA","2019-03-01",1382004.5783000002
"A00 - Equipment","EMEA","2019-03-01",277296.1
"X00 - Other","Latin America","2019-03-01",34.86
"F00 - GCCT","Latin America","2019-03-01",698340.0741999999
"B00 - LTC","North America","2019-03-01",877832.21
"B00 - LTC","Eurasia","2019-03-01",1937505.6926999998
"X00 - Other","APAC","2019-03-01",3538.3999999999987
"B00 - LTC","India","2019-03-01",2000366.9061000003
"A00 - Equipment","China","2019-03-01",3520.11
"B00 - LTC","APAC","2019-03-01",3239724.4786
"B00 - LTC","EMEA","2019-04-01",1861453.7653
"B00 - LTC","India","2019-04-01",1691621.9953000003
"F00 - GCCT","India","2019-04-01",770708
"F00 - GCCT","Eurasia","2019-04-01",64703.6275
"X00 - Other","Latin America","2019-04-01",124.15
"A00 - Equipment","Eurasia","2019-04-01",1988607.5446000001
"Consolidated","Global","2019-04-01",26547452.18
"A00 - Equipment","China","2019-04-01",-5468.0
"F00 - GCCT","APAC","2019-04-01",1470908.2803999998
"F00 - GCCT","North America","2019-04-01",329666.58999999997
"B00 - LTC","Latin America","2019-04-01",1415706.2055
"A00 - Equipment","APAC","2019-04-01",2907526.93
"B00 - LTC","China","2019-04-01",273473.6
"A00 - Equipment","North America","2019-04-01",464219.64
"B00 - LTC","North America","2019-04-01",1008757.51
"X00 - Other","EMEA","2019-04-01",-359.13000000000045
"B00 - LTC","APAC","2019-04-01",3736411.3873000005
"A00 - Equipment","Latin America","2019-04-01",1302931.94
"A00 - Equipment","EMEA","2019-04-01",1891721.0399999998
"F00 - GCCT","Latin America","2019-04-01",941064.0019
"F00 - GCCT","EMEA","2019-04-01",1456441.2854
"X00 - Other","APAC","2019-04-01",-320.4199999999996
"X00 - Other","North America","2019-04-01",-88.93
"B00 - LTC","Eurasia","2019-04-01",1912124.6674999997
"A00 - Equipment","India","2019-04-01",1066006.0536
"A00 - Equipment","Latin America","2019-05-01",2130186.28
"X00 - Other","North America","2019-05-01",-56.44
"F00 - GCCT","North America","2019-05-01",373068.05000000005
"X00 - Other","EMEA","2019-05-01",-14973.37
"B00 - LTC","Eurasia","2019-05-01",1936272.1043999998
"A00 - Equipment","Eurasia","2019-05-01",426718.9314
"B00 - LTC","Latin America","2019-05-01",2370455.2278
"F00 - GCCT","EMEA","2019-05-01",1913199.3881
"B00 - LTC","APAC","2019-05-01",3150766.897700001
"F00 - GCCT","Eurasia","2019-05-01",34175.0019
"F00 - GCCT","Latin America","2019-05-01",1249413.4566
"A00 - Equipment","China","2019-05-01",58946.240000000005
"B00 - LTC","India","2019-05-01",1498171.7756999999
"X00 - Other","Latin America","2019-05-01",-288.33
"F00 - GCCT","APAC","2019-05-01",1796340.0889
"A00 - Equipment","APAC","2019-05-01",1523442.21
"B00 - LTC","North America","2019-05-01",799662.04
"B00 - LTC","China","2019-05-01",190153.89
"B00 - LTC","EMEA","2019-05-01",1213468.5576000002
"A00 - Equipment","North America","2019-05-01",-9488.7
"A00 - Equipment","EMEA","2019-05-01",2204537.5599999996
"A00 - Equipment","India","2019-05-01",5704119
"F00 - GCCT","India","2019-05-01",771498
"X00 - Other","APAC","2019-05-01",-200.90999999999985
"Consolidated","Global","2019-05-01",29334901.65
"F00 - GCCT","EMEA","2019-06-01",1612701.7215
"A00 - Equipment","North America","2019-06-01",23296.21999999999
"B00 - LTC","North America","2019-06-01",1051684.39
"B00 - LTC","India","2019-06-01",1752290.3557
"B00 - LTC","APAC","2019-06-01",2013461.2754999995
"B00 - LTC","Eurasia","2019-06-01",1934169.0818999999
"F00 - GCCT","India","2019-06-01",533175
"F00 - GCCT","Eurasia","2019-06-01",3496.9879
"A00 - Equipment","India","2019-06-01",648015
"B00 - LTC","Latin America","2019-06-01",1228974.2428000001
"X00 - Other","North America","2019-06-01",-201.88
"A00 - Equipment","Latin America","2019-06-01",1417250.4500000002
"X00 - Other","EMEA","2019-06-01",-3741.83
"A00 - Equipment","EMEA","2019-06-01",3379580.27
"B00 - LTC","EMEA","2019-06-01",1118529.5756
"A00 - Equipment","China","2019-06-01",448127.85
"X00 - Other","Latin America","2019-06-01",21.62
"X00 - Other","APAC","2019-06-01",-1270.92
"F00 - GCCT","North America","2019-06-01",200510.90999999997
"F00 - GCCT","APAC","2019-06-01",1522717.3998999996
"B00 - LTC","China","2019-06-01",245738.41
"Consolidated","Global","2019-06-01",20996226.46
"F00 - GCCT","Latin America","2019-06-01",914992.5948000001
"A00 - Equipment","APAC","2019-06-01",587236.7100000001
"A00 - Equipment","Eurasia","2019-06-01",371733.6302
"X00 - Other","APAC","2019-07-01",2996.04
"B00 - LTC","APAC","2019-07-01",3468155.9853
"F00 - GCCT","Latin America","2019-07-01",986520.7759
"A00 - Equipment","North America","2019-07-01",13122.490000000023
"A00 - Equipment","China","2019-07-01",1401696.31
"F00 - GCCT","Eurasia","2019-07-01",19894.668999999998
"A00 - Equipment","EMEA","2019-07-01",681538.84
"F00 - GCCT","North America","2019-07-01",507317.7
"F00 - GCCT","EMEA","2019-07-01",1304546.7979999997
"B00 - LTC","India","2019-07-01",1580238.2121
"X00 - Other","North America","2019-07-01",94.42000000000002
"A00 - Equipment","APAC","2019-07-01",2247543.5999999996
"B00 - LTC","Eurasia","2019-07-01",1556111.0569
"A00 - Equipment","Latin America","2019-07-01",1461768.9937999998
"A00 - Equipment","India","2019-07-01",1746765
"B00 - LTC","China","2019-07-01",271815.07
"Consolidated","Global","2019-07-01",23609035.56
"X00 - Other","EMEA","2019-07-01",-12638.640000000001
"F00 - GCCT","India","2019-07-01",671338.6673999999
"B00 - LTC","EMEA","2019-07-01",1277051.5776
"A00 - Equipment","Eurasia","2019-07-01",334646.1492
"F00 - GCCT","APAC","2019-07-01",1776757.9016000002
"X00 - Other","Latin America","2019-07-01",388.91
"B00 - LTC","Latin America","2019-07-01",1635389.8233
"B00 - LTC","North America","2019-07-01",668448.39
"A00 - Equipment","India","2019-08-01",210904.97999999998
"B00 - LTC","Eurasia","2019-08-01",2421007.4605
"B00 - LTC","EMEA","2019-08-01",2371651.5429999996
"F00 - GCCT","India","2019-08-01",506588.6
"F00 - GCCT","Eurasia","2019-08-01",43544.3745
"X00 - Other","Latin America","2019-08-01",275.89
"A00 - Equipment","APAC","2019-08-01",4179181.0392
"X00 - Other","North America","2019-08-01",-36.58000000000001
"B00 - LTC","North America","2019-08-01",833515.63
"A00 - Equipment","Latin America","2019-08-01",2285196.6580999997
"A00 - Equipment","Eurasia","2019-08-01",3730403.3698000005
"F00 - GCCT","Latin America","2019-08-01",866456.5751
"A00 - Equipment","North America","2019-08-01",3878140.3800000004
"A00 - Equipment","EMEA","2019-08-01",376927.42999999993
"B00 - LTC","India","2019-08-01",1876608.45
"B00 - LTC","Latin America","2019-08-01",1663990.0765999998
"X00 - Other","APAC","2019-08-01",-194.87999999999985
"F00 - GCCT","APAC","2019-08-01",1887272.3004000003
"X00 - Other","EMEA","2019-08-01",391.6300000000015
"F00 - GCCT","EMEA","2019-08-01",770491.2708999999
"F00 - GCCT","North America","2019-08-01",399734.50999999995
"B00 - LTC","China","2019-08-01",507510.112
"Consolidated","Global","2019-08-01",31871668.27
"B00 - LTC","APAC","2019-08-01",2860209.98
"A00 - Equipment","China","2019-08-01",202018.35
"A00 - Equipment","North America","2019-09-01",1603303.7399999998
"A00 - Equipment","China","2019-09-01",-5502.629999999888
"F00 - GCCT","Eurasia","2019-09-01",24680.046700000003
"F00 - GCCT","EMEA","2019-09-01",1448644.2098
"B00 - LTC","India","2019-09-01",2097352.39
"F00 - GCCT","North America","2019-09-01",193887.6
"Consolidated","Global","2019-09-01",29368021.9
"A00 - Equipment","EMEA","2019-09-01",1370801.79
"A00 - Equipment","Eurasia","2019-09-01",1394690
"B00 - LTC","APAC","2019-09-01",3068229.7235999997
"B00 - LTC","Latin America","2019-09-01",1490900.6666999997
"F00 - GCCT","India","2019-09-01",533027.68
"B00 - LTC","China","2019-09-01",207328.55000000002
"B00 - LTC","EMEA","2019-09-01",3360011.0047000004
"A00 - Equipment","India","2019-09-01",2079754.12
"F00 - GCCT","Latin America","2019-09-01",794780.3625
"B00 - LTC","Eurasia","2019-09-01",1736100.2098
"X00 - Other","Latin America","2019-09-01",1534.4699999999998
"A00 - Equipment","Latin America","2019-09-01",2344200.61
"F00 - GCCT","APAC","2019-09-01",2151369.1829
"X00 - Other","EMEA","2019-09-01",20618.199999999997
"X00 - Other","APAC","2019-09-01",5147.19
"X00 - Other","North America","2019-09-01",193.92
"B00 - LTC","North America","2019-09-01",657789.71
"A00 - Equipment","APAC","2019-09-01",2815242.2
"A00 - Equipment","North America","2019-10-01",882150.066156
"B00 - LTC","APAC","2019-10-01",2463512.748911
"B00 - LTC","India","2019-10-01",2158637.218659
"A00 - Equipment","Eurasia","2019-10-01",3677801.6494
"A00 - Equipment","China","2019-10-01",117021.84765600001
"B00 - LTC","EMEA","2019-10-01",1552532.2796999994
"B00 - LTC","China","2019-10-01",156578.90278899999
"F00 - GCCT","APAC","2019-10-01",2004667.0321710003
"A00 - Equipment","EMEA","2019-10-01",3317585.6799999997
"F00 - GCCT","India","2019-10-01",774699.751104
"X00 - Other","Latin America","2019-10-01",1093.230875
"X00 - Other","North America","2019-10-01",-409.27
"B00 - LTC","North America","2019-10-01",695389.652853
"F00 - GCCT","Eurasia","2019-10-01",14515.9401
"X00 - Other","EMEA","2019-10-01",8709.39
"A00 - Equipment","India","2019-10-01",6105136.4671020005
"B00 - LTC","Eurasia","2019-10-01",2491714.7593
"A00 - Equipment","APAC","2019-10-01",2068702.510642
"A00 - Equipment","Latin America","2019-10-01",649834.28776
"F00 - GCCT","Latin America","2019-10-01",1027711.3420539999
"Consolidated","Global","2019-10-01",34641973.34
"F00 - GCCT","EMEA","2019-10-01",1713638.3287000002
"F00 - GCCT","North America","2019-10-01",406820.869695
"B00 - LTC","Latin America","2019-10-01",2360178.041897
"X00 - Other","APAC","2019-10-01",-3779.9399999999996
"F00 - GCCT","APAC","2019-11-01",1986897.1010570002
"A00 - Equipment","China","2019-11-01",34815.75999999998
"A00 - Equipment","India","2019-11-01",1738547.903931
"B00 - LTC","Latin America","2019-11-01",1293287.933012
"F00 - GCCT","EMEA","2019-11-01",1673002.9046
"B00 - LTC","North America","2019-11-01",556400.8274049999
"X00 - Other","North America","2019-11-01",248.839129
"X00 - Other","APAC","2019-11-01",2764.7599999999998
"B00 - LTC","Eurasia","2019-11-01",1945423.4157
"A00 - Equipment","North America","2019-11-01",-16917.209999999992
"Consolidated","Global","2019-11-01",29239454.32
"B00 - LTC","India","2019-11-01",2217556.142307
"X00 - Other","Latin America","2019-11-01",-1121.466801
"A00 - Equipment","Latin America","2019-11-01",915622.619531
"B00 - LTC","China","2019-11-01",162836.02305400002
"B00 - LTC","EMEA","2019-11-01",1925693.7569000004
"A00 - Equipment","EMEA","2019-11-01",2206855.9800000004
"X00 - Other","EMEA","2019-11-01",15692.93
"F00 - GCCT","Latin America","2019-11-01",1021433.847099
"F00 - GCCT","India","2019-11-01",765479.872319
"A00 - Equipment","Eurasia","2019-11-01",6294575.891000001
"A00 - Equipment","APAC","2019-11-01",1830054.366617
"B00 - LTC","APAC","2019-11-01",2311248.034885
"F00 - GCCT","North America","2019-11-01",355774.835397
"F00 - GCCT","Eurasia","2019-11-01",24797.220699999998
"Consolidated","Global","2019-12-01",35579592.48
"X00 - Other","Latin America","2019-12-01",-389.7
"B00 - LTC","India","2019-12-01",2949447.680657
"B00 - LTC","EMEA","2019-12-01",2129357.4653999996
"A00 - Equipment","EMEA","2019-12-01",2186366.8251
"F00 - GCCT","Latin America","2019-12-01",793583.673811
"F00 - GCCT","EMEA","2019-12-01",1290686.2297
"F00 - GCCT","APAC","2019-12-01",1899386.3300380004
"X00 - Other","APAC","2019-12-01",-2002.67
"B00 - LTC","APAC","2019-12-01",3195282.7710650004
"X00 - Other","EMEA","2019-12-01",4537.219999999999
"B00 - LTC","China","2019-12-01",194918.700517
"A00 - Equipment","North America","2019-12-01",473080.341638
"A00 - Equipment","China","2019-12-01",1144.0499999998137
"F00 - GCCT","India","2019-12-01",622351.443664
"B00 - LTC","Latin America","2019-12-01",863797.031612
"A00 - Equipment","India","2019-12-01",268344.412043
"F00 - GCCT","Eurasia","2019-12-01",194506.6051
"B00 - LTC","Eurasia","2019-12-01",1922714.707
"B00 - LTC","North America","2019-12-01",608642.9554829999
"X00 - Other","North America","2019-12-01",-390.13
"A00 - Equipment","Eurasia","2019-12-01",14287792.838000001
"A00 - Equipment","APAC","2019-12-01",814917.912886
"F00 - GCCT","North America","2019-12-01",232842.59118699998
"A00 - Equipment","Latin America","2019-12-01",612056.31292
"F00 - GCCT","Latin America","2020-01-01",1128309.216286
"F00 - GCCT","Eurasia","2020-01-01",47570.93639999999
"F00 - GCCT","EMEA","2020-01-01",1507705.081
"X00 - Other","APAC","2020-01-01",8132.71
"B00 - LTC","EMEA","2020-01-01",1294901.6601
"B00 - LTC","China","2020-01-01",36902.095527
"A00 - Equipment","Eurasia","2020-01-01",1224597.6542
"F00 - GCCT","North America","2020-01-01",256982.15817500002
"B00 - LTC","Latin America","2020-01-01",1457583.7188590004
"F00 - GCCT","APAC","2020-01-01",1576368.319961
"A00 - Equipment","North America","2020-01-01",1233409.447719
"A00 - Equipment","APAC","2020-01-01",1979596.8135819999
"A00 - Equipment","EMEA","2020-01-01",3358814.6648000004
"A00 - Equipment","India","2020-01-01",1482269.149328
"B00 - LTC","North America","2020-01-01",830042.4575970001
"B00 - LTC","India","2020-01-01",1575092.582733
"X00 - Other","EMEA","2020-01-01",441.3800000000008
"Consolidated","Global","2020-01-01",28458375.84
"A00 - Equipment","Latin America","2020-01-01",2191664.201159
"A00 - Equipment","China","2020-01-01",1173151.7679360001
"F00 - GCCT","India","2020-01-01",1054080.856033
"B00 - LTC","APAC","2020-01-01",2503261.1272559995
"X00 - Other","North America","2020-01-01",226.21999999999997
"B00 - LTC","Eurasia","2020-01-01",2546072.8280999996
"X00 - Other","Latin America","2020-02-01",-542.51
"B00 - LTC","EMEA","2020-02-01",1304813.1816999998
"A00 - Equipment","North America","2020-02-01",536805.629561
"F00 - GCCT","EMEA","2020-02-01",1552421.8256
"A00 - Equipment","Eurasia","2020-02-01",2378956.0442
"B00 - LTC","India","2020-02-01",1971580.1260249997
"F00 - GCCT","North America","2020-02-01",648081.6279330001
"F00 - GCCT","APAC","2020-02-01",1689200.7348399998
"X00 - Other","APAC","2020-02-01",-6609.65
"Consolidated","Global","2020-02-01",28694673.24
"B00 - LTC","North America","2020-02-01",750244.2847529999
"F00 - GCCT","Eurasia","2020-02-01",22335.7347
"A00 - Equipment","China","2020-02-01",3621.53
"A00 - Equipment","APAC","2020-02-01",830496.747185
"X00 - Other","EMEA","2020-02-01",-7736.889999999999
"A00 - Equipment","Latin America","2020-02-01",971145.631191
"F00 - GCCT","Latin America","2020-02-01",768481.622527
"A00 - Equipment","India","2020-02-01",5961228.064947
"B00 - LTC","Latin America","2020-02-01",1618091.691737
"B00 - LTC","Eurasia","2020-02-01",2389683.2027
"B00 - LTC","APAC","2020-02-01",2426056.0585100004
"A00 - Equipment","EMEA","2020-02-01",1818625.2898000001
"F00 - GCCT","India","2020-02-01",998850.2069509999
"B00 - LTC","China","2020-02-01",50080.009652
"X00 - Other","North America","2020-02-01",-362.44999999999993
"A00 - Equipment","Eurasia","2020-03-01",2012478.6151
"F00 - GCCT","India","2020-03-01",791106.285881
"A00 - Equipment","EMEA","2020-03-01",2915304.852
"B00 - LTC","China","2020-03-01",223158.791078
"Consolidated","Global","2020-03-01",28580895.7
"X00 - Other","Latin America","2020-03-01",-1601.26
"B00 - LTC","North America","2020-03-01",1114748.527212
"B00 - LTC","India","2020-03-01",1362673.569855
"F00 - GCCT","EMEA","2020-03-01",1578463.0273000002
"A00 - Equipment","North America","2020-03-01",1508043.7133240001
"F00 - GCCT","North America","2020-03-01",457987.270714
"B00 - LTC","Eurasia","2020-03-01",2397842.3866
"F00 - GCCT","Eurasia","2020-03-01",1083.9827
"A00 - Equipment","APAC","2020-03-01",2043933.8180200001
"F00 - GCCT","APAC","2020-03-01",1752109.884976
"B00 - LTC","APAC","2020-03-01",2411369.906490001
"X00 - Other","EMEA","2020-03-01",-40049.23
"F00 - GCCT","Latin America","2020-03-01",970748.6969730001
"B00 - LTC","EMEA","2020-03-01",3056832.6231000004
"A00 - Equipment","India","2020-03-01",1493641.251181
"A00 - Equipment","China","2020-03-01",450887.32551600004
"X00 - Other","APAC","2020-03-01",-8821.939999999999
"B00 - LTC","Latin America","2020-03-01",1195245.961159
"A00 - Equipment","Latin America","2020-03-01",849971.478095
"X00 - Other","North America","2020-03-01",-1400.77
"B00 - LTC","EMEA","2020-04-01",1867569.1672999999
"X00 - Other","EMEA","2020-04-01",14789.97
"Consolidated","Global","2020-04-01",22693747.68
"F00 - GCCT","North America","2020-04-01",500501.55657899997
"X00 - Other","Latin America","2020-04-01",323.55
"A00 - Equipment","North America","2020-04-01",394898.249606
"B00 - LTC","China","2020-04-01",238403.63915000003
"A00 - Equipment","EMEA","2020-04-01",1386501.7317
"B00 - LTC","India","2020-04-01",778365.1294160001
"F00 - GCCT","Eurasia","2020-04-01",45958.971000000005
"B00 - LTC","Eurasia","2020-04-01",1969457.7725
"B00 - LTC","North America","2020-04-01",916181.689
"A00 - Equipment","India","2020-04-01",750000
"B00 - LTC","Latin America","2020-04-01",1108788.373185
"A00 - Equipment","Eurasia","2020-04-01",4173175.1485
"A00 - Equipment","Latin America","2020-04-01",165959.117082
"A00 - Equipment","APAC","2020-04-01",1141125.234617
"A00 - Equipment","China","2020-04-01",2559.37
"F00 - GCCT","Latin America","2020-04-01",638896.839531
"F00 - GCCT","India","2020-04-01",67956.446973
"F00 - GCCT","APAC","2020-04-01",1347121.318153
"X00 - Other","North America","2020-04-01",438.99
"X00 - Other","APAC","2020-04-01",15316.590000000002
"B00 - LTC","APAC","2020-04-01",3761527.1026839996
"F00 - GCCT","EMEA","2020-04-01",1438800.7853
"B00 - LTC","Latin America","2020-05-01",1174633.4331989998
"F00 - GCCT","APAC","2020-05-01",1322937.2608089999
"A00 - Equipment","North America","2020-05-01",1041226.909753
"F00 - GCCT","EMEA","2020-05-01",931332.5830999999
"F00 - GCCT","Eurasia","2020-05-01",13775.425099999999
"A00 - Equipment","Latin America","2020-05-01",199770.687401
"A00 - Equipment","APAC","2020-05-01",2486680.6138710002
"X00 - Other","North America","2020-05-01",-620.22
"B00 - LTC","North America","2020-05-01",724206.7331559999
"F00 - GCCT","North America","2020-05-01",528811.05718
"A00 - Equipment","Eurasia","2020-05-01",2826284.1605
"B00 - LTC","China","2020-05-01",266581.484416
"X00 - Other","Latin America","2020-05-01",1053.77
"Consolidated","Global","2020-05-01",22660560.96
"B00 - LTC","Eurasia","2020-05-01",1922256.5429999998
"X00 - Other","EMEA","2020-05-01",-19937.499999999996
"F00 - GCCT","India","2020-05-01",585764.451698
"B00 - LTC","India","2020-05-01",1473368.8730620001
"B00 - LTC","APAC","2020-05-01",3266557.401675
"A00 - Equipment","EMEA","2020-05-01",1950957.8598000002
"X00 - Other","APAC","2020-05-01",-7188.489999999999
"B00 - LTC","EMEA","2020-05-01",1031105.3864000001
"A00 - Equipment","India","2020-05-01",266664.606906
"F00 - GCCT","Latin America","2020-05-01",654595.944617
"X00 - Other","APAC","2020-06-01",462.45000000000005
"X00 - Other","North America","2020-06-01",-10.79
"B00 - LTC","APAC","2020-06-01",3649917.234821
"A00 - Equipment","Eurasia","2020-06-01",3755600.7986
"F00 - GCCT","India","2020-06-01",593057.412062
"F00 - GCCT","Eurasia","2020-06-01",50943.534400000004
"A00 - Equipment","APAC","2020-06-01",1871704.1212559997
"B00 - LTC","Latin America","2020-06-01",1077637.248841
"F00 - GCCT","EMEA","2020-06-01",1428373.5783000002
"A00 - Equipment","India","2020-06-01",519.8809669999999
"B00 - LTC","India","2020-06-01",2607191.543983
"B00 - LTC","Eurasia","2020-06-01",1870294.4477
"A00 - Equipment","North America","2020-06-01",1271293.082131
"X00 - Other","EMEA","2020-06-01",-8405.42
"F00 - GCCT","North America","2020-06-01",261372.772595
"B00 - LTC","North America","2020-06-01",805080.489433
"Consolidated","Global","2020-06-01",26949436.08
"A00 - Equipment","China","2020-06-01",1127.7699999999884
"B00 - LTC","EMEA","2020-06-01",1335268.2333000004
"A00 - Equipment","Latin America","2020-06-01",207611.26
"F00 - GCCT","APAC","2020-06-01",1603679.3547740004
"A00 - Equipment","EMEA","2020-06-01",3664768.4525000006
"F00 - GCCT","Latin America","2020-06-01",597398.438749
"B00 - LTC","China","2020-06-01",287897.836537
"X00 - Other","Latin America","2020-06-01",-1324.59
"B00 - LTC","Latin America","2020-07-01",1412075.1978189999
"F00 - GCCT","EMEA","2020-07-01",1272299.9975
"B00 - LTC","Eurasia","2020-07-01",2147691.4543
"F00 - GCCT","Latin America","2020-07-01",636276.866903
"F00 - GCCT","North America","2020-07-01",560193.663488
"A00 - Equipment","India","2020-07-01",447343.621854
"A00 - Equipment","Latin America","2020-07-01",656878.769578
"A00 - Equipment","China","2020-07-01",-18676.36
"X00 - Other","Latin America","2020-07-01",-401.35
"A00 - Equipment","North America","2020-07-01",1448973.219532
"X00 - Other","EMEA","2020-07-01",7433.849999999999
"F00 - GCCT","Eurasia","2020-07-01",20753.2634
"X00 - Other","North America","2020-07-01",-777.96
"B00 - LTC","North America","2020-07-01",827219.6262139999
"X00 - Other","APAC","2020-07-01",-14268.02
"B00 - LTC","China","2020-07-01",231847.55323800002
"Consolidated","Global","2020-07-01",24893458.22
"B00 - LTC","APAC","2020-07-01",3266463.525233999
"B00 - LTC","EMEA","2020-07-01",1510098.4995
"B00 - LTC","India","2020-07-01",2127690.706899
"F00 - GCCT","India","2020-07-01",714395.026967
"A00 - Equipment","EMEA","2020-07-01",792503.7443000001
"A00 - Equipment","Eurasia","2020-07-01",3645941.3442
"F00 - GCCT","APAC","2020-07-01",1516603.2740210004
"A00 - Equipment","APAC","2020-07-01",1676269.1470340001
"A00 - Equipment","India","2020-08-01",280547.414793
"A00 - Equipment","Latin America","2020-08-01",-2396.48
"A00 - Equipment","APAC","2020-08-01",2156482.355377
"B00 - LTC","APAC","2020-08-01",3750612.294231
"F00 - GCCT","Eurasia","2020-08-01",19727.228
"F00 - GCCT","India","2020-08-01",709306.016062
"X00 - Other","APAC","2020-08-01",416.31
"Consolidated","Global","2020-08-01",21714382.07
"F00 - GCCT","EMEA","2020-08-01",908314.2746000001
"X00 - Other","EMEA","2020-08-01",8688.41
"X00 - Other","North America","2020-08-01",-115.49999999999999
"B00 - LTC","India","2020-08-01",2176737.408009
"B00 - LTC","Latin America","2020-08-01",1003725.2547200001
"A00 - Equipment","EMEA","2020-08-01",1748798.5117999997
"A00 - Equipment","Eurasia","2020-08-01",1700943.0031
"F00 - GCCT","Latin America","2020-08-01",612882.659571
"X00 - Other","Latin America","2020-08-01",275.58
"F00 - GCCT","APAC","2020-08-01",1595446.6438189999
"B00 - LTC","Eurasia","2020-08-01",2244819.296
"B00 - LTC","North America","2020-08-01",711918.2904350001
"B00 - LTC","China","2020-08-01",457225.294657
"F00 - GCCT","North America","2020-08-01",333136.983024
"A00 - Equipment","China","2020-08-01",146536.031925
"A00 - Equipment","North America","2020-08-01",13165.377740000029
"B00 - LTC","EMEA","2020-08-01",1142143.2835
"A00 - Equipment","EMEA","2020-09-01",1492164.58
"X00 - Other","North America","2020-09-01",122.14000000000003
"F00 - GCCT","APAC","2020-09-01",1800154.6806550003
"B00 - LTC","China","2020-09-01",235261.34089
"F00 - GCCT","Eurasia","2020-09-01",25666.0346
"A00 - Equipment","APAC","2020-09-01",2977275.3540820004
"B00 - LTC","Latin America","2020-09-01",928624.2316930001
"A00 - Equipment","India","2020-09-01",-38490.488961
"X00 - Other","Latin America","2020-09-01",-216.06
"A00 - Equipment","Eurasia","2020-09-01",4512225.9958999995
"F00 - GCCT","EMEA","2020-09-01",1006962.9513000001
"B00 - LTC","North America","2020-09-01",845784.120719
"B00 - LTC","India","2020-09-01",2011062.645567
"B00 - LTC","EMEA","2020-09-01",1380142.0935999998
"B00 - LTC","APAC","2020-09-01",2871949.5291029997
"F00 - GCCT","India","2020-09-01",736039.407669
"Consolidated","Global","2020-09-01",25233184.74
"A00 - Equipment","China","2020-09-01",86326.53
"X00 - Other","EMEA","2020-09-01",-27072.12
"X00 - Other","APAC","2020-09-01",2274.9299999999994
"A00 - Equipment","North America","2020-09-01",-12165.100000000031
"F00 - GCCT","North America","2020-09-01",401336.833565
"F00 - GCCT","Latin America","2020-09-01",730060.250647
"A00 - Equipment","Latin America","2020-09-01",964647.2784600001
"B00 - LTC","Eurasia","2020-09-01",2278156.9930000002
"B00 - LTC","India","2020-10-01",2584428.199582
"F00 - GCCT","China","2020-10-01",18626.769327
"X00 - Other","Latin America","2020-10-01",1959.65
"B00 - LTC","EMEA","2020-10-01",1679583.9301999998
"F00 - GCCT","North America","2020-10-01",396318.101197
"A00 - Equipment","China","2020-10-01",278.32
"A00 - Equipment","EMEA","2020-10-01",690574.69
"X00 - Other","North America","2020-10-01",-398.40999999999997
"A00 - Equipment","North America","2020-10-01",-15921.962930000003
"B00 - LTC","APAC","2020-10-01",2685031.7699260004
"F00 - GCCT","Latin America","2020-10-01",866840.355986
"A00 - Equipment","Eurasia","2020-10-01",1220019.8771
"B00 - LTC","Eurasia","2020-10-01",1967438.747
"A00 - Equipment","APAC","2020-10-01",2733072.937209
"F00 - GCCT","EMEA","2020-10-01",995295.7836
"A00 - Equipment","India","2020-10-01",371236.914342
"X00 - Other","APAC","2020-10-01",-93.18999900000007
"F00 - GCCT","APAC","2020-10-01",2201412.535145
"B00 - LTC","North America","2020-10-01",790387.628929
"Consolidated","Global","2020-10-01",21857875.92
"X00 - Other","EMEA","2020-10-01",7434.37
"B00 - LTC","Latin America","2020-10-01",1296059.21733
"F00 - GCCT","Eurasia","2020-10-01",105926.9552
"A00 - Equipment","Latin America","2020-10-01",346403.46
"B00 - LTC","China","2020-10-01",110307.211085
"F00 - GCCT","India","2020-10-01",814215.918757
"B00 - LTC","EMEA","2020-11-01",2141880.6171999997
"A00 - Equipment","Eurasia","2020-11-01",365373.2953
"Consolidated","Global","2020-11-01",24892506.48
"F00 - GCCT","APAC","2020-11-01",1885263.9323109998
"A00 - Equipment","APAC","2020-11-01",1394922.7654030002
"F00 - GCCT","EMEA","2020-11-01",864473.4277
"X00 - Other","EMEA","2020-11-01",7097.66
"F00 - GCCT","India","2020-11-01",954211.291545
"B00 - LTC","Latin America","2020-11-01",1194028.106828
"B00 - LTC","APAC","2020-11-01",3027634.484137
"A00 - Equipment","India","2020-11-01",1669130.699061
"B00 - LTC","India","2020-11-01",2444042.9794969996
"A00 - Equipment","North America","2020-11-01",952114.0576170001
"X00 - Other","Latin America","2020-11-01",1381.85
"F00 - GCCT","North America","2020-11-01",407361.20254699996
"X00 - Other","North America","2020-11-01",-399.78
"F00 - GCCT","Latin America","2020-11-01",1049287.138348
"A00 - Equipment","China","2020-11-01",1097182.128046
"X00 - Other","APAC","2020-11-01",339.2000000000005
"A00 - Equipment","EMEA","2020-11-01",1331528.59
"B00 - LTC","Eurasia","2020-11-01",2124548.8678
"B00 - LTC","China","2020-11-01",181159.476333
"A00 - Equipment","Latin America","2020-11-01",972996.511769
"B00 - LTC","North America","2020-11-01",730700.8864570002
"F00 - GCCT","Eurasia","2020-11-01",110434.8506
"A00 - Equipment","North America","2020-12-01",2358836.831375
"F00 - GCCT","Latin America","2020-12-01",849743.5826659999
"B00 - LTC","APAC","2020-12-01",3529484.6993899997
"X00 - Other","EMEA","2020-12-01",60619.06
"A00 - Equipment","Eurasia","2020-12-01",3288752.1463
"A00 - Equipment","APAC","2020-12-01",1948605.0868879997
"X00 - Other","Latin America","2020-12-01",-908.6299999999999
"A00 - Equipment","Latin America","2020-12-01",442466.35
"B00 - LTC","India","2020-12-01",2426257.6898970003
"B00 - LTC","North America","2020-12-01",606018.20468
"X00 - Other","APAC","2020-12-01",10888.859999999999
"A00 - Equipment","India","2020-12-01",597540.884916
"F00 - GCCT","Eurasia","2020-12-01",43083.3364
"X00 - Other","North America","2020-12-01",3499.57
"A00 - Equipment","China","2020-12-01",933396.746141
"B00 - LTC","Eurasia","2020-12-01",2348206.5821999996
"F00 - GCCT","APAC","2020-12-01",1835614.2999959998
"F00 - GCCT","EMEA","2020-12-01",663216.5175
"A00 - Equipment","EMEA","2020-12-01",2167229.19
"B00 - LTC","Latin America","2020-12-01",1171262.2265409997
"F00 - GCCT","India","2020-12-01",981607.942045
"B00 - LTC","China","2020-12-01",207982.752919
"B00 - LTC","EMEA","2020-12-01",1748696.1511000004
"F00 - GCCT","North America","2020-12-01",372617.885971
"Consolidated","Global","2020-12-01",28527983.36
"A00 - Equipment","Eurasia","2021-01-01",574351.6247999999
"F00 - GCCT","Eurasia","2021-01-01",12951.502
"B00 - LTC","APAC","2021-01-01",2728857.3782740002
"X00 - Other","North America","2021-01-01",57.80000000000001
"B00 - LTC","India","2021-01-01",2152082.081385
"B00 - LTC","Latin America","2021-01-01",1277399.048668
"Consolidated","Global","2021-01-01",22299479.14
"A00 - Equipment","China","2021-01-01",639321.975248
"B00 - LTC","Eurasia","2021-01-01",1782822.1865
"X00 - Other","Latin America","2021-01-01",-33.34
"B00 - LTC","China","2021-01-01",118233.63153099999
"F00 - GCCT","EMEA","2021-01-01",727015.562
"B00 - LTC","North America","2021-01-01",660958.614289
"A00 - Equipment","EMEA","2021-01-01",1856997.1983
"F00 - GCCT","APAC","2021-01-01",1746231.6392750002
"X00 - Other","India","2021-01-01",-27.73133
"A00 - Equipment","North America","2021-01-01",927008.855366
"F00 - GCCT","India","2021-01-01",1053652.4975329998
"B00 - LTC","EMEA","2021-01-01",1778949.658839
"X00 - Other","EMEA","2021-01-01",17179.459999999995
"A00 - Equipment","Latin America","2021-01-01",502832.067255
"A00 - Equipment","APAC","2021-01-01",1729002.732489
"F00 - GCCT","Latin America","2021-01-01",951743.059279
"F00 - GCCT","North America","2021-01-01",621142.561218
"X00 - Other","APAC","2021-01-01",2225.12
"A00 - Equipment","India","2021-01-01",433407.20444700005
"X00 - Other","EMEA","2021-02-01",10616.650000000001
"F00 - GCCT","North America","2021-02-01",319882.971936
"F00 - GCCT","Latin America","2021-02-01",756251.5421020001
"B00 - LTC","China","2021-02-01",168522.389176
"B00 - LTC","Eurasia","2021-02-01",2033825.031
"A00 - Equipment","EMEA","2021-02-01",1169181.5089250002
"A00 - Equipment","North America","2021-02-01",128317.01688500002
"B00 - LTC","North America","2021-02-01",668588.2782950001
"X00 - Other","Latin America","2021-02-01",-272.89
"A00 - Equipment","China","2021-02-01",455.16280099999994
"F00 - GCCT","EMEA","2021-02-01",622710.9738
"F00 - GCCT","Eurasia","2021-02-01",45550.9927
"A00 - Equipment","India","2021-02-01",810515.248003
"B00 - LTC","EMEA","2021-02-01",1372050.395345
"A00 - Equipment","APAC","2021-02-01",1556731.010703
"B00 - LTC","India","2021-02-01",2521893.7106950004
"F00 - GCCT","India","2021-02-01",1102511.8441650001
"A00 - Equipment","Latin America","2021-02-01",1672651.1002169997
"B00 - LTC","APAC","2021-02-01",3472580.2943100003
"X00 - Other","North America","2021-02-01",-40.879999999999995
"X00 - Other","APAC","2021-02-01",2321.66
"F00 - GCCT","APAC","2021-02-01",1712798.9198679999
"Consolidated","Global","2021-02-01",21921703.91
"B00 - LTC","Latin America","2021-02-01",969799.1221520001
"A00 - Equipment","Eurasia","2021-02-01",805424.7375
"A00 - Equipment","Latin America","2021-03-01",1466352.7511040003
"B00 - LTC","China","2021-03-01",218470.441298
"F00 - GCCT","China","2021-03-01",24220.243981
"B00 - LTC","North America","2021-03-01",1001685.18918
"X00 - Other","APAC","2021-03-01",10408.970000000001
"X00 - Other","North America","2021-03-01",-18.77000000000001
"F00 - GCCT","EMEA","2021-03-01",846171.2069
"F00 - GCCT","Eurasia","2021-03-01",142251.1266
"Consolidated","Global","2021-03-01",30337446.81
"A00 - Equipment","Eurasia","2021-03-01",3518528.2345999996
"A00 - Equipment","EMEA","2021-03-01",1740278.225136
"A00 - Equipment","North America","2021-03-01",-128072.05104800001
"A00 - Equipment","APAC","2021-03-01",1415885.5318709998
"X00 - Other","EMEA","2021-03-01",16679.15
"B00 - LTC","Latin America","2021-03-01",1982870.346901
"A00 - Equipment","China","2021-03-01",1438368.513953
"X00 - Other","Latin America","2021-03-01",494.59
"F00 - GCCT","North America","2021-03-01",778742.2424100001
"F00 - GCCT","Latin America","2021-03-01",1074369.930372
"B00 - LTC","India","2021-03-01",2539024.6905840007
"B00 - LTC","EMEA","2021-03-01",2355621.1666129995
"B00 - LTC","Eurasia","2021-03-01",2648015.9734
"F00 - GCCT","India","2021-03-01",1281469.386659
"B00 - LTC","APAC","2021-03-01",3298921.537338
"F00 - GCCT","APAC","2021-03-01",2044051.6811459998
"A00 - Equipment","India","2021-03-01",622656.718916
"X00 - Other","Latin America","2021-04-01",-230.79000000000002
"F00 - GCCT","Eurasia","2021-04-01",193694.2536
"B00 - LTC","North America","2021-04-01",860247.8242389999
"X00 - Other","EMEA","2021-04-01",-14504.309999999998
"B00 - LTC","Eurasia","2021-04-01",2569377.4745
"B00 - LTC","India","2021-04-01",2300424.115311999
"F00 - GCCT","EMEA","2021-04-01",676182.9336
"F00 - GCCT","Latin America","2021-04-01",1203963.679291
"A00 - Equipment","India","2021-04-01",67416.476987
"A00 - Equipment","China","2021-04-01",2091.800233
"F00 - GCCT","APAC","2021-04-01",1859219.297725
"A00 - Equipment","Latin America","2021-04-01",291928.495964
"A00 - Equipment","North America","2021-04-01",1303145.7240149998
"X00 - Other","North America","2021-04-01",-177.09
"F00 - GCCT","India","2021-04-01",1097800.27043
"Consolidated","Global","2021-04-01",28138839.148
"B00 - LTC","China","2021-04-01",270267.162472
"B00 - LTC","APAC","2021-04-01",3208026.343126001
"A00 - Equipment","Eurasia","2021-04-01",3746608.8663000003
"B00 - LTC","Latin America","2021-04-01",1230397.314612
"B00 - LTC","EMEA","2021-04-01",1399671.8791590002
"F00 - GCCT","North America","2021-04-01",659178.306858
"X00 - Other","APAC","2021-04-01",-8793.948454
"A00 - Equipment","APAC","2021-04-01",2853227.7443770003
"A00 - Equipment","EMEA","2021-04-01",2369674.4298340003
"B00 - LTC","Latin America","2021-05-01",1503575.199679
"B00 - LTC","North America","2021-05-01",771891.204798
"A00 - Equipment","North America","2021-05-01",418468.22438800003
"A00 - Equipment","Eurasia","2021-05-01",3556621.3252
"X00 - Other","Latin America","2021-05-01",-75.22
"X00 - Other","North America","2021-05-01",-220.12
"B00 - LTC","Eurasia","2021-05-01",2163272.5974999997
"A00 - Equipment","India","2021-05-01",541788.787747
"F00 - GCCT","India","2021-05-01",861330.310857
"X00 - Other","EMEA","2021-05-01",7022.090000000001
"A00 - Equipment","EMEA","2021-05-01",2171018.396347
"F00 - GCCT","North America","2021-05-01",964214.0978819999
"B00 - LTC","China","2021-05-01",131040.810647
"F00 - GCCT","EMEA","2021-05-01",1010042.8571999997
"X00 - Other","APAC","2021-05-01",-5595.539999999999
"F00 - GCCT","Latin America","2021-05-01",809408.3519040002
"F00 - GCCT","Eurasia","2021-05-01",151929.0582
"A00 - Equipment","APAC","2021-05-01",1636227.7272889998
"A00 - Equipment","China","2021-05-01",429468.932152
"B00 - LTC","EMEA","2021-05-01",1415348.3849370002
"B00 - LTC","India","2021-05-01",3084572.5060479986
"A00 - Equipment","Latin America","2021-05-01",939730.89517
"B00 - LTC","APAC","2021-05-01",3775220.9950900003
"F00 - GCCT","APAC","2021-05-01",1683795.3748099997
"Consolidated","Global","2021-05-01",28020098.964665
"B00 - LTC","APAC","2021-06-01",4318325.870034
"B00 - LTC","China","2021-06-01",159039.43781
"A00 - Equipment","North America","2021-06-01",1953122.881477
"X00 - Other","EMEA","2021-06-01",0
"B00 - LTC","Eurasia","2021-06-01",2214284.3841
"A00 - Equipment","APAC","2021-06-01",2056952.79145
"A00 - Equipment","China","2021-06-01",742332.918075
"B00 - LTC","EMEA","2021-06-01",1822555.9670040002
"F00 - GCCT","Latin America","2021-06-01",894091.313221
"F00 - GCCT","North America","2021-06-01",598972.886848
"B00 - LTC","India","2021-06-01",2373206.476744
"B00 - LTC","Latin America","2021-06-01",1500081.9781940004
"A00 - Equipment","India","2021-06-01",168359.749838
"A00 - Equipment","Latin America","2021-06-01",2228454.981328
"B00 - LTC","North America","2021-06-01",1126363.9076409999
"F00 - GCCT","APAC","2021-06-01",2084866.3368570001
"F00 - GCCT","Eurasia","2021-06-01",163370.8982
"Consolidated","Global","2021-06-01",30155245.741491
"A00 - Equipment","EMEA","2021-06-01",1396867.7086089998
"F00 - GCCT","EMEA","2021-06-01",1219983.7920000001
"F00 - GCCT","India","2021-06-01",815139.770275
"A00 - Equipment","Eurasia","2021-06-01",2318871.7252
"B00 - LTC","India","2021-07-01",2564508.745011
"F00 - GCCT","EMEA","2021-07-01",1021023.564331
"A00 - Equipment","Latin America","2021-07-01",873133.848691
"B00 - LTC","China","2021-07-01",360473.730806
"B00 - LTC","EMEA","2021-07-01",1808527.212604
"A00 - Equipment","EMEA","2021-07-01",3872316.893273
"F00 - GCCT","Latin America","2021-07-01",709933.8984490001
"A00 - Equipment","Eurasia","2021-07-01",845836.3665
"A00 - Equipment","North America","2021-07-01",483272.70911800006
"F00 - GCCT","India","2021-07-01",857864.136225
"F00 - GCCT","North America","2021-07-01",629920.8662800001
"Consolidated","Global","2021-07-01",28325302.087285
"B00 - LTC","APAC","2021-07-01",3297676.328608
"A00 - Equipment","APAC","2021-07-01",1884867.7980060002
"F00 - GCCT","Eurasia","2021-07-01",157558.3705
"B00 - LTC","Eurasia","2021-07-01",2230438.8561
"A00 - Equipment","India","2021-07-01",1186474.8692619998
"A00 - Equipment","China","2021-07-01",873631.3159750004
"X00 - Other","EMEA","2021-07-01",453.18
"F00 - GCCT","APAC","2021-07-01",1910132.2291310006
"B00 - LTC","Latin America","2021-07-01",1707960.9914110003
"B00 - LTC","North America","2021-07-01",1049296.306511
"F00 - GCCT","APAC","2021-08-01",2318354.4860110004
"A00 - Equipment","Latin America","2021-08-01",1496702.0906189997
"F00 - GCCT","India","2021-08-01",1050841.482282
"B00 - LTC","China","2021-08-01",190437.561794
"A00 - Equipment","EMEA","2021-08-01",1584904.783135
"B00 - LTC","Eurasia","2021-08-01",2094294.3016
"F00 - GCCT","Eurasia","2021-08-01",45464.6628
"F00 - GCCT","Latin America","2021-08-01",748685.815805
"F00 - GCCT","EMEA","2021-08-01",999312.4868000001
"Consolidated","Global","2021-08-01",25682407.297348
"B00 - LTC","EMEA","2021-08-01",2037623.8046519996
"B00 - LTC","APAC","2021-08-01",3666294.016585001
"B00 - LTC","North America","2021-08-01",823429.1864
"F00 - GCCT","North America","2021-08-01",451440.210382
"A00 - Equipment","Eurasia","2021-08-01",1547470.2783
"A00 - Equipment","India","2021-08-01",-30155.849817
"B00 - LTC","India","2021-08-01",2683001.487102
"X00 - Other","APAC","2021-08-01",-6.670000000000016
"B00 - LTC","Latin America","2021-08-01",1544491.0480900002
"X00 - Other","EMEA","2021-08-01",415.4599999999999
"A00 - Equipment","China","2021-08-01",905609.3771479999
"A00 - Equipment","North America","2021-08-01",469569.451533
"A00 - Equipment","APAC","2021-08-01",1207677.608479
"A00 - Equipment","EMEA","2021-09-01",2878421.4068219997
"F00 - GCCT","Latin America","2021-09-01",671007.2088499999
"B00 - LTC","North America","2021-09-01",1245351.653912
"F00 - GCCT","Eurasia","2021-09-01",32277.440200000005
"F00 - GCCT","APAC","2021-09-01",2255031.685556
"B00 - LTC","Eurasia","2021-09-01",1915116.7036000004
"A00 - Equipment","Eurasia","2021-09-01",4317428.3451000005
"B00 - LTC","Latin America","2021-09-01",2143410.3582289997
"B00 - LTC","APAC","2021-09-01",3953804.1922619995
"X00 - Other","EMEA","2021-09-01",0.0005620000000021719
"A00 - Equipment","Latin America","2021-09-01",785943.5620439999
"A00 - Equipment","India","2021-09-01",600915.8155690001
"Consolidated","Global","2021-09-01",33113061.089069
"F00 - GCCT","India","2021-09-01",1186563.471877
"X00 - Other","APAC","2021-09-01",0
"A00 - Equipment","North America","2021-09-01",476751.548933
"B00 - LTC","China","2021-09-01",92757.756925
"F00 - GCCT","North America","2021-09-01",512584.103086
"A00 - Equipment","APAC","2021-09-01",3524136.308089
"B00 - LTC","EMEA","2021-09-01",2949368.7405120004
"B00 - LTC","India","2021-09-01",2570230.320344
"F00 - GCCT","EMEA","2021-09-01",819727.6813
"A00 - Equipment","China","2021-09-01",197508.674201
"F00 - GCCT","APAC","2021-10-01",2101981.005928
"B00 - LTC","APAC","2021-10-01",3912485.789233
"X00 - Other","EMEA","2021-10-01",0
"B00 - LTC","North America","2021-10-01",842032.78935
"F00 - GCCT","North America","2021-10-01",757788.447729
"B00 - LTC","Latin America","2021-10-01",1626473.0801799998
"A00 - Equipment","China","2021-10-01",-501.9073820000003
"A00 - Equipment","Latin America","2021-10-01",2489179.1454340005
"F00 - GCCT","India","2021-10-01",1282952.26957
"A00 - Equipment","APAC","2021-10-01",1975842.215605
"Consolidated","Global","2021-10-01",29149629.792472
"F00 - GCCT","EMEA","2021-10-01",964558.1668
"A00 - Equipment","EMEA","2021-10-01",1194023.6596040002
"A00 - Equipment","India","2021-10-01",1200354.072559
"F00 - GCCT","Eurasia","2021-10-01",27993.9191
"B00 - LTC","Eurasia","2021-10-01",2331714.0985999997
"B00 - LTC","EMEA","2021-10-01",1880807.301327
"B00 - LTC","China","2021-10-01",199381.80198299998
"A00 - Equipment","North America","2021-10-01",911368.653767
"B00 - LTC","India","2021-10-01",2418535.1217989996
"F00 - GCCT","Latin America","2021-10-01",509552.62346200005
"A00 - Equipment","Eurasia","2021-10-01",2594998.8257
"A00 - Equipment","APAC","2021-11-01",2973208.179227
"A00 - Equipment","China","2021-11-01",1227889.68
"A00 - Equipment","Latin America","2021-11-01",1181214.0563120001
"B00 - LTC","EMEA","2021-11-01",1519331.6537930002
"A00 - Equipment","Eurasia","2021-11-01",4631727.513399999
"B00 - LTC","North America","2021-11-01",1155321.8477230002
"F00 - GCCT","Eurasia","2021-11-01",26147.634400000003
"F00 - GCCT","Latin America","2021-11-01",727242.030989
"F00 - GCCT","EMEA","2021-11-01",872556.033
"F00 - GCCT","North America","2021-11-01",809068.168306
"B00 - LTC","China","2021-11-01",414124.87980399997
"A00 - Equipment","India","2021-11-01",5210603.23716
"F00 - GCCT","China","2021-11-01",0
"B00 - LTC","Eurasia","2021-11-01",2575192.3726
"A00 - Equipment","North America","2021-11-01",645995.0294329999
"B00 - LTC","Latin America","2021-11-01",2295496.86523
"B00 - LTC","APAC","2021-11-01",3537442.30354
"A00 - Equipment","EMEA","2021-11-01",1515948.1071
"F00 - GCCT","India","2021-11-01",1201275.353791
"X00 - Other","EMEA","2021-11-01",-1.9435760000000926
"F00 - GCCT","APAC","2021-11-01",3175048.165460999
"B00 - LTC","India","2021-11-01",3347397.6959800003
"Consolidated","Global","2021-11-01",39042228.854929
"F00 - GCCT","Latin America","2021-12-01",730807.943094
"A00 - Equipment","Latin America","2021-12-01",2671424.948324
"B00 - LTC","India","2021-12-01",2696303.6607689997
"A00 - Equipment","China","2021-12-01",491961.074047
"F00 - GCCT","APAC","2021-12-01",3427575.672779
"A00 - Equipment","India","2021-12-01",6308381.001375
"A00 - Equipment","APAC","2021-12-01",1908537.473843
"F00 - GCCT","China","2021-12-01",0
"F00 - GCCT","India","2021-12-01",1484517.218315
"B00 - LTC","Latin America","2021-12-01",1957781.8422759997
"A00 - Equipment","North America","2021-12-01",5446.699999999999
"X00 - Other","EMEA","2021-12-01",0.1599999999999726
"Consolidated","Global","2021-12-01",37850201.35
"B00 - LTC","EMEA","2021-12-01",2148126.8793519996
"B00 - LTC","APAC","2021-12-01",3715460.581739
"A00 - Equipment","EMEA","2021-12-01",5716737.875399999
"F00 - GCCT","EMEA","2021-12-01",1518225.6874
"X00 - Other","APAC","2021-12-01",3.59
"A00 - Equipment","Eurasia","2021-12-01",2645517.6719
"B00 - LTC","China","2021-12-01",771335.96788
"B00 - LTC","Eurasia","2021-12-01",3155248.7925
"B00 - LTC","North America","2021-12-01",1089196.768124
"F00 - GCCT","Eurasia","2021-12-01",208724.1591
"F00 - GCCT","North America","2021-12-01",786502.646345
